{
  "questions": [
    {
      "question": "What is the full form of ADB?",
      "questionAnswer": "Android Debug Bridge",
      "a": "Android Debug Bridge",
      "b": "Android Dex Bridge",
      "c": "Android DM Bridge",
      "d": "None of these"
    },
    {
      "question": "Which of the following terms is not used in the field of physics?",
      "questionAnswer": "Stock Value",
      "a": "Latent Heat",
      "b": "Nuclear Fussion",
      "c": "Refractive Index",
      "d": "Stock Value"
    },
    {
      "question": "Which of the following phenomenon is considered responsible for Global Warming",
      "questionAnswer": "Greenhouse effect",
      "a": "Greenhouse effect",
      "b": "Dry farming",
      "c": "Monsoon",
      "d": "Trade wings"
    }

  ]

}